{
  "Workflows": [
    {
      "Path": null,
      "SortBy": 0,
      "VariablesSectionElementsOrder": [],
      "ArgumentsSectionElementsOrder": null,
      "ConstantsSectionElementsOrder": [],
      "AddedNamespaces": null
    },
    {
      "Path": "Main.xaml",
      "SortBy": 0,
      "VariablesSectionElementsOrder": [
        "Config&Sequence_12",
        "DT_Config&Sequence_12",
        "Sheets&Sequence_12",
        "Password&Flowchart_2",
        "Username&Flowchart_2",
        "Str_Country&Sequence_8",
        "Str_Name&Sequence_8",
        "Str_ID&Sequence_8",
        "Str_Info&Sequence_8",
        "ACME&Flowchart_1"
      ],
      "ArgumentsSectionElementsOrder": [],
      "ConstantsSectionElementsOrder": [],
      "AddedNamespaces": null
    },
    {
      "Path": "WI5_데이터추출.xaml",
      "SortBy": 0,
      "VariablesSectionElementsOrder": [],
      "ArgumentsSectionElementsOrder": [
        "ACME"
      ],
      "ConstantsSectionElementsOrder": [],
      "AddedNamespaces": null
    },
    {
      "Path": "../Session1_/Main.xaml",
      "SortBy": 0,
      "VariablesSectionElementsOrder": [
        "Password&Flowchart_1",
        "Username&Flowchart_1",
        "Config&Sequence_3",
        "DT_Config&Sequence_3",
        "Sheets&Sequence_3"
      ],
      "ArgumentsSectionElementsOrder": [],
      "ConstantsSectionElementsOrder": [],
      "AddedNamespaces": null
    }
  ]
}